{
  "slope_eps": 0.00022248489795918531,
  "vol_eps": 0.010250531484657604,
  "distribution": {
    "trend_up": 0.2219047619047619,
    "trend_down": 0.17809523809523808,
    "chop": 0.10666666666666667,
    "flat": 0.49333333333333335
  }
}