{
  "slope_eps": 0.00016443289294974702,
  "vol_eps": 0.008887691405560397,
  "distribution": {
    "trend_up": 0.16852820321255135,
    "trend_down": 0.18147179678744862,
    "chop": 0.15494957041464325,
    "flat": 0.4950504295853567
  }
}