{
  "regime_settings": {
    "slope_eps": 0.00016443289294974702,
    "vol_eps": 0.008887691405560397,
    "window": 50,
    "label_shift": 10,
    "detector": {
      "slope_window": 30,
      "vol_window": 30,
      "slope_eps": 0.00016443289294974702,
      "vol_eps": 0.008887691405560397,
      "wick_eps": 0.004,
      "range_eps": 0.015,
      "consistency_up": 0.55,
      "consistency_down": 0.45
    }
  },
  "regime_audit": {
    "slope_percentile": 65,
    "vol_percentile": 60
  }
}