{
  "open_notes": [
    {
      "entry_amount": 0.28684186,
      "entry_price": 164.61,
      "entry_ts": 1754096420,
      "entry_tick": 1754096400,
      "window": "fish",
      "status": "Open",
      "mature_price": 197.436
    },
    {
      "entry_amount": 0.59232782,
      "entry_price": 159.4,
      "entry_ts": 1754157633,
      "entry_tick": 1754157600,
      "window": "bunny",
      "status": "Open",
      "mature_price": 207.22000000000003
    }
  ],
  "closed_notes": [],
  "metadata": {
    "last_buy_tick": {
      "fish": 1754096400,
      "bunny": 1754157600
    },
    "last_sell_tick": {}
  }
}