{
  "open_notes": [
    {
      "entry_amount": 615.47954103,
      "entry_price": 0.2023843,
      "entry_ts": 1754096410,
      "entry_tick": 1754096400,
      "window": "fish",
      "status": "Open",
      "mature_price": 0.24301608
    },
    {
      "entry_amount": 573.84132533,
      "entry_price": 0.2021981,
      "entry_ts": 1754114409,
      "entry_tick": 1754114401,
      "window": "fish",
      "status": "Open",
      "mature_price": 0.24253092
    }
  ],
  "closed_notes": [],
  "metadata": {
    "last_buy_tick": {
      "fish": 1754114401
    },
    "last_sell_tick": {}
  }
}