{
  "open_notes": [
    {
      "entry_amount": 470.1826465,
      "entry_price": 0.2018158,
      "entry_ts": 1754095801,
      "entry_tick": 1754095785,
      "window": "fish",
      "status": "Open",
      "mature_price": 0.24228203999999998
    }
  ],
  "closed_notes": []
}