{"centroids": [[-0.739459009968755, 0.16312769098978055, 0.6487640380810289, -0.15099318944300524, -0.4405766863661833, 0.6304792390501588, -0.7128398741887948, -0.12862419966260905], [0.36597767139918114, -0.4785280873647473, -0.6526077167678123, 0.2486064206671903, -0.38040851586985647, -0.462657444127046, 0.36137806205837625, -0.4232785856072112], [-1.9130104581605443, 2.445867241893766, -0.2019648903843473, -2.434785287771927, 2.6088483628574006, 1.990313494434647, -1.9042230268203795, 2.6569668101797914], [0.7754453076785927, -0.3031835405974951, 1.0174930977139478, 0.8037969918302523, -0.09348819545703647, -0.5048697435391287, 0.7587167399244606, -0.2865121035340793]], "scale": {"mean": [-0.00036097039760440275, 0.0067506251398376385, -0.048899521086487395, -0.3007627071188364, 4.96333435789563, 0.04134390288546798, -0.0003708113496448374, 0.003095131785272486], "std": [0.001926817796469477, 0.0039906393167281964, 0.17464152546746098, 1.3233881624651689, 4.678022110707483, 0.04727936812134111, 0.0020817940148785833, 0.003094702075582369]}}