{
  "features": [
    "mean_return",
    "volatility",
    "max_drawdown",
    "price_range",
    "up_day_ratio",
    "price_slope",
    "ma_slope",
    "vol_percentile",
    "vol_of_vol",
    "bb_width_avg",
    "pct_inside_1std",
    "up_vol_ratio",
    "vol_price_corr",
    "avg_dd_length",
    "avg_dd_depth"
  ],
  "feature_sha": "cd0ea3be175162ed419444b39586428f78399fe8",
  "mean": [
    9.982787622097725e-05,
    0.01227449053941035,
    0.15071929369573314,
    0.2360670342411504,
    0.4970984671583474,
    0.00011609987841817463,
    0.0001260742159784295,
    0.565395752895753,
    0.0036024503671992876,
    0.07736345126441004,
    0.6555892627321198,
    1.0168665692474703,
    0.009833092566577691,
    42.21755030531014,
    0.06442449738757312
  ],
  "std": [
    0.001046463778985842,
    0.006335766163277331,
    0.08811975231766542,
    0.14306431904572098,
    0.036588575091881737,
    0.0011493541010228713,
    0.0012809482134975327,
    0.28423459005491863,
    0.002671741361528477,
    0.03973761337996851,
    0.07571176570947973,
    0.22525155443394443,
    0.2050749591365607,
    38.7458956183233,
    0.057125148404158076
  ],
  "std_floor": 1e-06,
  "centroids": [
    [
      -0.8569810269464655,
      0.09160969465552116,
      0.7255511094499557,
      0.10865202742487154,
      -0.7848142091705722,
      -0.8592697900776635,
      -0.8044375504746778,
      0.0670174996822554,
      0.09819090491503407,
      0.09304904525560975,
      0.054326011046208426,
      -0.8628187247226647,
      -0.6814139216888004,
      0.7749218461821282,
      0.7309198412813811
    ],
    [
      0.5389817779537521,
      -0.05761616016070469,
      -0.45632145248424844,
      -0.06833460844331549,
      0.4935938422456435,
      0.540421251621172,
      0.5059355663362748,
      -0.04214937086934326,
      -0.061755286110084226,
      -0.05852141211044668,
      -0.034167302544783826,
      0.5426532859890988,
      0.42856221489861657,
      -0.4873722303032251,
      -0.45969801338451605
    ]
  ],
  "k": 2,
  "seed": 2,
  "inertia": 2964.3759993101976
}