{
  "windows": [
    {
      "window": "minnow",
      "window_size": "1d",
      "buys": 146,
      "sells": 129,
      "gross_invested": 13363.865040249155,
      "realized_cost": 11419.022233553707,
      "realized_proceeds": 12535.622184240246,
      "realized_pnl": 1116.5999506865392,
      "realized_roi": 0.09778419971943975,
      "avg_trade_roi": 0.08643201175394863,
      "open_value_now": 1296.8435937217362,
      "window_total_at_liq": 13832.465777961983
    },
    {
      "window": "fish",
      "window_size": "3d",
      "buys": 64,
      "sells": 56,
      "gross_invested": 6459.506366226248,
      "realized_cost": 5656.77238459346,
      "realized_proceeds": 6473.269147208605,
      "realized_pnl": 816.4967626151456,
      "realized_roi": 0.14433968827151689,
      "avg_trade_roi": 0.12813578655309255,
      "open_value_now": 559.0344240026607,
      "window_total_at_liq": 7032.303571211266
    },
    {
      "window": "shark",
      "window_size": "6d",
      "buys": 34,
      "sells": 30,
      "gross_invested": 3524.0749840863214,
      "realized_cost": 2861.555483404667,
      "realized_proceeds": 3297.0237429345325,
      "realized_pnl": 435.46825952986546,
      "realized_roi": 0.15217886287906146,
      "avg_trade_roi": 0.14717837486739388,
      "open_value_now": 470.83840633075783,
      "window_total_at_liq": 3767.86214926529
    },
    {
      "window": "whale",
      "window_size": "3w",
      "buys": 15,
      "sells": 13,
      "gross_invested": 630.6987716991155,
      "realized_cost": 600.4183351775972,
      "realized_proceeds": 682.323566717965,
      "realized_pnl": 81.90523154036782,
      "realized_roi": 0.13641360821558046,
      "avg_trade_roi": 0.20659491204986238,
      "open_value_now": 27.625293135220687,
      "window_total_at_liq": 709.9488598531857
    }
  ],
  "global": {
    "cash": 10.09347884050607,
    "open_value_now": 2354.341717190375,
    "total_at_liq": 2364.4351960308813
  }
}