window,window_size,buys,sells,gross_invested,realized_cost,realized_proceeds,realized_pnl,realized_roi,avg_trade_roi,open_value_now,window_total_at_liq
minnow,1d,146,129,13363.865040249155,11419.022233553707,12535.622184240246,1116.5999506865392,0.09778419971943975,0.08643201175394863,1296.8435937217362,13832.465777961983
fish,3d,64,56,6459.506366226248,5656.77238459346,6473.269147208605,816.4967626151456,0.14433968827151689,0.12813578655309255,559.0344240026607,7032.303571211266
shark,6d,34,30,3524.0749840863214,2861.555483404667,3297.0237429345325,435.46825952986546,0.15217886287906146,0.14717837486739388,470.83840633075783,3767.86214926529
whale,3w,15,13,630.6987716991155,600.4183351775972,682.323566717965,81.90523154036782,0.13641360821558046,0.20659491204986238,27.625293135220687,709.9488598531857
