{
  "windows": [
    {
      "window": "minnow",
      "window_size": "1d",
      "buys": 15,
      "sells": 11,
      "gross_invested": 1270.1493346760874,
      "realized_cost": 860.0997139474483,
      "realized_proceeds": 912.7843932295832,
      "realized_pnl": 52.68467928213488,
      "realized_roi": 0.06125415277763224,
      "avg_trade_roi": 0.060243800404631,
      "open_value_now": 375.4092392985266,
      "window_total_at_liq": 1288.19363252811
    },
    {
      "window": "fish",
      "window_size": "3d",
      "buys": 11,
      "sells": 6,
      "gross_invested": 1300.9706385540476,
      "realized_cost": 746.7793422993168,
      "realized_proceeds": 798.3197410107842,
      "realized_pnl": 51.540398711467446,
      "realized_roi": 0.0690169047161584,
      "avg_trade_roi": 0.06900031428687163,
      "open_value_now": 525.5148738019755,
      "window_total_at_liq": 1323.8346148127598
    },
    {
      "window": "whale",
      "window_size": "6d",
      "buys": 7,
      "sells": 5,
      "gross_invested": 801.8600060466035,
      "realized_cost": 627.916474511771,
      "realized_proceeds": 668.5110087555522,
      "realized_pnl": 40.594534243781254,
      "realized_roi": 0.06464957664209248,
      "avg_trade_roi": 0.07008333421808038,
      "open_value_now": 170.9461104650254,
      "window_total_at_liq": 839.4571192205776
    }
  ],
  "global": {
    "cash": 6.635163719181049,
    "open_value_now": 1071.8702235655273,
    "total_at_liq": 1078.5053872847084
  }
}