{
  "windows": [
    {
      "window": "minnow",
      "window_size": "1d",
      "buys": 125,
      "sells": 113,
      "gross_invested": 17068.63156522171,
      "realized_cost": 14617.177855572927,
      "realized_proceeds": 16093.283699090325,
      "realized_pnl": 1476.1058435173982,
      "realized_roi": 0.10098432529878676,
      "avg_trade_roi": 0.08975624320912687,
      "open_value_now": 1619.3100546845749,
      "window_total_at_liq": 17712.5937537749
    },
    {
      "window": "fish",
      "window_size": "3d",
      "buys": 48,
      "sells": 44,
      "gross_invested": 6669.275065928657,
      "realized_cost": 5908.643659033295,
      "realized_proceeds": 6789.644480781116,
      "realized_pnl": 881.0008217478207,
      "realized_roi": 0.14910373219087636,
      "avg_trade_roi": 0.1348474219434898,
      "open_value_now": 522.338076476237,
      "window_total_at_liq": 7311.982557257353
    },
    {
      "window": "shark",
      "window_size": "6d",
      "buys": 28,
      "sells": 24,
      "gross_invested": 2941.7777832368497,
      "realized_cost": 2405.1958374375627,
      "realized_proceeds": 2772.3083425126897,
      "realized_pnl": 367.11250507512705,
      "realized_roi": 0.1526331034508357,
      "avg_trade_roi": 0.1527970917201983,
      "open_value_now": 380.69432460886395,
      "window_total_at_liq": 3153.0026671215537
    },
    {
      "window": "whale",
      "window_size": "3w",
      "buys": 7,
      "sells": 6,
      "gross_invested": 538.498588938183,
      "realized_cost": 515.0025565735743,
      "realized_proceeds": 562.9464809412673,
      "realized_pnl": 47.943924367692944,
      "realized_roi": 0.09309453663040901,
      "avg_trade_roi": 0.23680544693299235,
      "open_value_now": 20.900909517831185,
      "window_total_at_liq": 583.8473904590985
    }
  ],
  "global": {
    "cash": 0.0,
    "open_value_now": 2543.243365287507,
    "total_at_liq": 2543.243365287507
  }
}