{
  "windows": [
    {
      "window": "minnow",
      "window_size": "1d",
      "buys": 58,
      "sells": 50,
      "gross_invested": 6578.239022308538,
      "realized_cost": 5307.48180318892,
      "realized_proceeds": 5847.081097150454,
      "realized_pnl": 539.5992939615344,
      "realized_roi": 0.10166766726120935,
      "avg_trade_roi": 0.09584101563571522,
      "open_value_now": 853.0529101065695,
      "window_total_at_liq": 6700.134007257024
    },
    {
      "window": "fish",
      "window_size": "3d",
      "buys": 39,
      "sells": 36,
      "gross_invested": 5236.994457459944,
      "realized_cost": 4499.082541919315,
      "realized_proceeds": 5200.3532805107225,
      "realized_pnl": 701.2707385914073,
      "realized_roi": 0.15586972056134907,
      "avg_trade_roi": 0.13770773873419723,
      "open_value_now": 504.5410370157787,
      "window_total_at_liq": 5704.894317526501
    },
    {
      "window": "shark",
      "window_size": "1w",
      "buys": 13,
      "sells": 10,
      "gross_invested": 3644.580002645114,
      "realized_cost": 2550.544347039594,
      "realized_proceeds": 2977.5300362540793,
      "realized_pnl": 426.9856892144853,
      "realized_roi": 0.16740963148125054,
      "avg_trade_roi": 0.1629805417571974,
      "open_value_now": 771.4881988771305,
      "window_total_at_liq": 3749.0182351312096
    },
    {
      "window": "whale",
      "window_size": "2w",
      "buys": 9,
      "sells": 8,
      "gross_invested": 2747.3396639617267,
      "realized_cost": 2630.0980043137547,
      "realized_proceeds": 3182.1887324600675,
      "realized_pnl": 552.0907281463128,
      "realized_roi": 0.2099126067700905,
      "avg_trade_roi": 0.21207875860083084,
      "open_value_now": 81.60428241105781,
      "window_total_at_liq": 3263.7930148711253
    }
  ],
  "global": {
    "cash": 0.0,
    "open_value_now": 2210.6864284105363,
    "total_at_liq": 2210.6864284105363
  }
}