{
  "k": 3,
  "seed": 2,
  "feature_names": [
    "mean_return",
    "volatility",
    "max_drawdown",
    "price_range",
    "up_day_ratio",
    "price_slope",
    "ma_slope",
    "ma_bias",
    "vol_percentile",
    "vol_of_vol",
    "bb_width_avg",
    "pct_inside_1std",
    "up_vol_ratio",
    "vol_price_corr",
    "avg_dd_length",
    "avg_dd_depth"
  ],
  "centroids": [
    [
      -0.4844838805778397,
      -0.36510057144001445,
      0.08905815156355824,
      -0.4037490155122199,
      -0.29290681799037915,
      -0.3847719113466773,
      -0.353444673605942,
      -0.5184824319245893,
      -0.17011366568956657,
      -0.33818024750460257,
      -0.35269774948978116,
      0.09161426536253932,
      -0.5896147953211875,
      -0.613083369038477,
      0.3188219871160552,
      0.13521169075752873
    ],
    [
      0.15018812357829384,
      1.7893412415807333,
      1.250474815996364,
      1.395285577298724,
      -0.33802725208389117,
      -0.10305834488606834,
      -0.14586329856047622,
      -0.025051918725676522,
      -0.22860148764195995,
      1.6244199521762908,
      1.7299179593842453,
      -0.09110623538995787,
      0.28126347606871166,
      0.5552979223475764,
      -0.02398033776106793,
      0.6208928903864771
    ],
    [
      0.7426072743639887,
      -0.4647019968193126,
      -0.9175569819127958,
      -0.15732899274484202,
      0.7110228405902586,
      0.7256428358607638,
      0.6978489536638578,
      0.9082514719802615,
      0.43267444446878395,
      -0.4102795445164747,
      -0.4497481843913044,
      -0.10210409094161871,
      0.8435644676778307,
      0.7165170719094136,
      -0.5344276602903315,
      -0.6122991226519245
    ]
  ],
  "features": [
    "mean_return",
    "volatility",
    "max_drawdown",
    "price_range",
    "up_day_ratio",
    "price_slope",
    "ma_slope",
    "ma_bias",
    "vol_percentile",
    "vol_of_vol",
    "bb_width_avg",
    "pct_inside_1std",
    "up_vol_ratio",
    "vol_price_corr",
    "avg_dd_length",
    "avg_dd_depth"
  ],
  "mean": [
    8.568004059913362e-06,
    0.013109721956960493,
    0.2769606259445381,
    0.4381202477946893,
    0.4947647448641484,
    -3.3480114419813635e-05,
    -4.123803420330159e-05,
    0.45251366120218584,
    0.4690972222222223,
    0.0052264131260735345,
    0.07885185331972416,
    0.6501653439153439,
    0.9984131740249702,
    0.018810011205119596,
    95.66305104422868,
    0.08728941178978204
  ],
  "std": [
    0.0006676799331638584,
    0.0066000942165883245,
    0.13043786654931785,
    0.2369170616120321,
    0.022741391486944727,
    0.0007263672925242743,
    0.000765360364718424,
    0.28772834221375543,
    0.28569080677476705,
    0.0044195004607624705,
    0.03426796204246932,
    0.06833725429770286,
    0.14237548790900525,
    0.14909014840667256,
    101.14021835843026,
    0.08278013009767451
  ],
  "std_floor": 1e-06,
  "feature_sha": "df8715e0e182a0a398c5e6862a0e0a411e65afe4"
}