{
  "features": [
    "mean_return",
    "volatility",
    "max_drawdown",
    "price_range",
    "up_day_ratio",
    "avg_volume",
    "price_slope",
    "ma_slope",
    "vol_percentile",
    "vol_of_vol",
    "bb_width_avg",
    "pct_inside_1std",
    "up_vol_ratio",
    "vol_price_corr",
    "avg_dd_length",
    "avg_dd_depth"
  ],
  "feature_sha": "a2c08f2de2be2d26c760604ea204a79510ae039e",
  "mean": [
    9.982787622097725e-05,
    0.01227449053941035,
    0.15071929369573314,
    0.2360670342411504,
    0.4970984671583474,
    186119.73302001745,
    0.00011609987841817463,
    0.0001260742159784295,
    0.565395752895753,
    0.0036024503671992876,
    0.07736345126441004,
    0.6555892627321198,
    1.0168665692474703,
    0.009833092566577691,
    42.21755030531014,
    0.06442449738757312
  ],
  "std": [
    0.001046463778985842,
    0.006335766163277331,
    0.08811975231766542,
    0.14306431904572098,
    0.036588575091881737,
    110712.6183622825,
    0.0011493541010228713,
    0.0012809482134975327,
    0.28423459005491863,
    0.002671741361528477,
    0.03973761337996851,
    0.07571176570947973,
    0.22525155443394443,
    0.2050749591365607,
    38.7458956183233,
    0.057125148404158076
  ],
  "std_floor": 1e-06
}