{
  "final_price": 177.59,
  "fiat_available": 0.0,
  "realized_usd": 1.7113406660138613,
  "unrealized_usd": 686.8010771633094,
  "total_pnl_usd": 688.5124178293232,
  "remaining_coin": 9.507925096172773,
  "open_notes": 92,
  "closed_notes": 1
}