{
  "final_price": 161.32,
  "realized_usd": 870.2013998643456,
  "unrealized_usd": -1.418666268762252,
  "total_pnl_usd": 868.7827335955833,
  "remaining_coin": 7.104770580800954,
  "open_notes": 5,
  "closed_notes": 49
}