{
  "params": {
    "position_pct": 0.06359949021420037,
    "max_concurrent": 1,
    "buy_cooldown": 12,
    "volatility_gate": 0.8611934355709661,
    "rsi_buy": 36,
    "take_profit": 0.016919040167104604,
    "trailing_stop": 0.010911567216908221,
    "stop_loss": 0.05715625798103982,
    "sell_cooldown": 7
  },
  "pnl": -21.924088701210053,
  "maxdd": 0.04149011198557073,
  "pnl_dd": -20.559639358117867,
  "trades": 987,
  "time_in_market": 0.22724014336917564,
  "time_flat": 0.7727598566308244,
  "win_rate": 0.44064386317907445,
  "avg_trade_ret": -0.0006669749374181238,
  "blocks_traded": 31
}