{
  "features": [
    "mean_return",
    "volatility",
    "max_drawdown",
    "price_range",
    "up_day_ratio",
    "avg_volume",
    "price_slope",
    "ma_slope",
    "ma_bias",
    "vol_percentile",
    "vol_of_vol",
    "bb_width_avg",
    "pct_inside_1std",
    "up_vol_ratio",
    "vol_price_corr",
    "avg_dd_length",
    "avg_dd_depth"
  ],
  "feature_sha": "be307a57b6293889f184b8b66d3e090a022406f6",
  "mean": [
    8.568004059913362e-06,
    0.013109721956960493,
    0.2769606259445381,
    0.4381202477946893,
    0.4947647448641484,
    188164.79627394179,
    -3.3480114419813635e-05,
    -4.123803420330159e-05,
    0.45251366120218584,
    0.4690972222222223,
    0.0052264131260735345,
    0.07885185331972416,
    0.6501653439153439,
    0.9984131740249702,
    0.018810011205119596,
    95.66305104422868,
    0.08728941178978204
  ],
  "std": [
    0.0006676799331638584,
    0.0066000942165883245,
    0.13043786654931785,
    0.2369170616120321,
    0.022741391486944727,
    94324.59355267812,
    0.0007263672925242743,
    0.000765360364718424,
    0.28772834221375543,
    0.28569080677476705,
    0.0044195004607624705,
    0.03426796204246932,
    0.06833725429770286,
    0.14237548790900525,
    0.14909014840667256,
    101.14021835843026,
    0.08278013009767451
  ],
  "std_floor": 1e-06
}